"case_number","date","year","month","time","date_time","crime_code","crime","block","street","type","beat","command","weapon","motivation","number_of_suspects","suspect","victim_count","victim_other","injury","suspect_race_0","suspect_race_1","suspect_race_2","suspect_race_3","suspect_sex_0","suspect_sex_1","suspect_sex_2","suspect_sex_3","victim_race_0","victim_race_1","victim_race_2","victim_race_3","victim_sex_0","victim_sex_1","victim_sex_2","victim_sex_3"
"16000456","2016-01-04","2016","1","2:00:00 AM","42373.083333333336","243(D)M","Assault, No Weapon","500.0","G","St","523","Central","Hands, Fists, Feet","Race","3","Unknown","1","","Hospital","O","O","O","","M","M","M","","O","","","","M","","",""
"16001278","2016-01-10","2016","1","1:30:00 AM","42379.0625","245A1","Assault, w/Weapon","3400.0","30th","St","813","Mid-City","Stick","Race","3","Unknown","1","","No Treat.","Unk","Unk","Unk","","M","M","M","","B","","","","M","","",""
"16004522","","2016","1","0.10416666666666667","42400.104166666664","594(B)(4)","Vandalism","1400.0","Imperial","Av","521","Central","Marker","Race","Unk","Unknown","2","","","Unk","","","","Unk","","","","H","W","","","F","M","",""
"16005962","2016-02-09","2016","2","4:30:00 PM","42409.6875","422.22(a)(4)","Threat, Phone Call","4100.0","Ute","Dr","116","Northern","Phone","Race","1","Known","1","","","H","","","","M","","","","B","","","","M","","",""
"16005900","","2016","2","0.03125","42410.03125","417A1:M","Threat","100.0","University","Av","627","Western","Knife","Race","1","Unknown","2","","","W","","","","M","","","","B","A","","","M","F","",""
"16006866","2016-02-16","2016","2","4:30:00 PM","42416.6875","422.6","Vandalism","5800.0","University","Av","822","Mid-City","Paint","Race","Unk","Unknown","1","","","Unk","","","","Unk","","","","B","","","","M","","",""
"16007286","","2016","2","0.8631944444444444","42418.86319444444","422.6","Threat","6200.0","Capri","Dr","323","Eastern","Phone","Religion","1","Unknown","1","","","Unk","","","","F","","","","W","","","","M","","",""
"16008581","2016-02-26","2016","2","11:00:00 PM","42426.958333333336","422.6","Vandalism","5400.0","Gilbert","Dr","326","Eastern","Unknown sharp object","Gender","Unk","Unknown","1","","","Unk","","","","Unk","","","","I","","","","M","","",""
"16008340","2016-02-26","2016","2","5:25:00 PM","42426.725694444445","422.6A","Assault, No Weapon","500.0","Euclid","Av","446","Southeastern","Hands, Fists, Feet","Race","1","Known","1","","No Treat.","B","","","","M","","","","H","","","","F","","",""
"16008751","","2016","2","0.16666666666666666","42429.166666666664","417A1:M","Threat","300.0","Park","Bl","521","Western","Knife","Race","1","Unknown","1","","","H","","","","M","","","","B","","","","M","","",""
"16009905","2016-03-08","2016","3","8:26:00 PM","42437.85138888889","422.6","Other","2200.0","Imperial","Av","512","Central","Knife","Race","1","Unknown","1","","","B","","","","M","","","","W","","","","M","","",""
"16013490","2016-04-01","2016","4","9:50:00 PM","42461.90972222222","422.6A","Threat, Phone Call","12800.0","Via Nieve #74","","934","Northwestern","Phone","Race","1","Known","1","","","C","","","","M","","","","B","","","","F","","",""
"16015895","2016-04-17","2016","4","11:05:00 PM","42477.961805555555","653M(A)","Threat, Phone Call","1600.0","Thomas Ave","Av","122","Northern","Phone","Religion","2","Unknown","1","","","Unk","Unk","","","Unk","Unk","","","W","","","","M","","",""
"16017576","2016-04-26","2016","4","8:00:00 PM","42486.833333333336","422.6B","Vandalism","500.0","Camino De La Reina #129","","315","Eastern","Spray Paint","Sexual Orientation","Unk","Unknown","1","","","Unk","","","","Unk","","","","W","","","","M","","",""
"16018078","2016-04-30","2016","4","12:01:00 AM","42490.00069444445","422","Other","6900.0","Sandleford","Wy","437","Southeastern","Facebook/computer","Gender","1","Known","1","","","H","","","","M","","","","W","","","","F","","",""
"16020160","2016-05-13","2016","5","9:00:00 PM","42503.875","422.6B","Vandalism","500.0","Camino De La Reina","","315","Eastern","Spray Paint","Sexual Orientation","Unk","Unknown","1","","","Unk","","","","Unk","","","","W","","","","M","","",""
"16021550","2016-05-23","2016","5","2:20:00 PM","42513.59722222222","422.6A","Other","","I-8/Alvarado Canyon","","321","Eastern","Verbal","Race","1","Unknown","1","","","W","","","","M","","","","B","","","","M","","",""
"16023023","2016-05-23","2016","5","11:30:00 PM","42513.979166666664","245A1","Assault, No Weapon","3500.0","Sports Arena","Bl","611","Western","Hands, Fists, Feet","Sexual Orientation","2","Unknown","1","","Hospital","H","H","","","M","M","","","W","","","","M","","",""
"16023668","","2016","6","0.5208333333333334","42526.520833333336","211","Robbery","6200.0","University","Av","821","Mid City","Hands, Fists, Feet","Sexual Orientation","1","Unknown","1","","No Treat.","B","","","","M","","","","W","","","","M","","",""
"16024587","","2016","6","0.4375","42532.4375","245A1","Assault, w/Weapon","4100.0","Fairmount","Av","831","Eastern","Rod","Race","3","Unknown","1","","Hospital","A","A","A","","M","M","M","","B","","","","M","","",""
"16025303","","2016","6","0.40347222222222223","42537.40347222222","245A","Assault, w/Weapon","5300.0","Orange ","Av","826","Mid-City","Bottle","Race","3","Known","1","","","B","B","B","","M","M","M","","H","","","","M","","",""
"16026441","","2016","6","0.5833333333333334","42539.583333333336","422:F","Threat","300.0","University","Av","627","Western","Verbal","Race","1","Known","1","Restaurant","","W","","","","M","","","","W","","","","M","","",""
"16025550","","2016","6","0.5","42539.5","422.6","Other","7000.0","Eckstrom","Av","111","Northern","Mail","Religion","Unk","Unknown","1","","","Unk","","","","Unk","","","","W","","","","F","","",""
"16028219","","2016","7","0.59375","42557.59375","211","Robbery","3500.0","Main","St","511","Central","Knife","Sexual Orientation","1","Unknown","1","","","H","","","","M","","","","H","","","","M","","",""
"16028646","","2016","7","0.22916666666666666","42560.229166666664","422.7(A)","Battery","1800.0","Titus","St","626","Western","Hands, Fists, Feet","Sexual Orientation","1","Known","1","","Treated","W","","","","M","","","","H","","","","M","","",""
"16029933","","2016","7","0.5416666666666666","42567.541666666664","422A","Other","7000.0","Eckstrom","Av","111","Northern","Mail","Religion","Unk","Unknown","1","","","Unk","","","","Unk","","","","W","","","","M","","",""
"16029806","","2016","7","0.6666666666666666","42568.666666666664","422.6A","Vandalism","11000.0","Pegasus","Av","242","Northeastern","Spray Paint","Religion","Unk","Unknown","1","","","Unk","","","","Unk","","","","H","","","","M","","",""
"16033533","","2016","7","0.4583333333333333","42582.458333333336","422.M","Threat","5800.0","Copley","Dr","313","Eastern","Verbal","Race","1","Unknown","2","","","W","","","","M","","","","A","B","","","F","M","",""
"16032832","","2016","8","0.625","42590.625","245A1","Assault, w/Weapon","2200.0","Imperial","Av","514","Central","Knife","Race","1","Known","1","","Hospital","W","","","","M","","","","B","","","","M","","",""
"16033890","","2016","8","0.75","42593.75","459","Burglary","6400.0","Reflection","Dr","321","Eastern","Marker","Race","Unk","Unknown","1","","","Unk","","","","Unk","","","","B","","","","F","","",""
"16036850","","2016","9","0.9493055555555556","42618.94930555556","245A1","Assault, w/Weapon","6300.0","College Grove","Av","451","Southeastern","Knife","Sexual Orientation","1","Unknown","1","","Treated","Unk","","","","M","","","","W","","","","M","","",""
"16037460","","2016","9","0.9305555555555555","42622.930555555555","211F","Robbery","300.0","32nd","St","516","Central","Hands, Fists, Feet","Sexual Orientation","3","Unknown","1","","No Treat.","H","H","H","","M","M","M","","H","","","","M","","",""
"16039755","","2016","9","0.9166666666666666","42635.916666666664","422.6B","Vandalism","2400.0","Dusk","Dr","437","Southeastern","Spray Paint","Sexual Orientation","Unk","Unknown","1","","","Unk","","","","Unk","","","","E","","","","F","","",""
"16041342","","2016","10","0.041666666666666664","42650.041666666664","242","Assault, No Weapon","4000.0","04th","Av","627","Western","Hands, Fists, Feet","Sexual Orientation","6","Unknown","1","","No Treat.","H","H","H","","M","M","M","","O","","","","M","","",""
"16046232","","2016","10","0.8333333333333334","42664.833333333336","594(B)(2)A","Vandalism","300.0","32nd","St","512","Central","Spray Paint","Religion","Unk","Unknown","1","Church","","Unk","","","","Unk","","","","","","","","","","",""
"16044681","","2016","10","0.6555555555555556","42673.65555555555","245(A)(1)","Assault, No Weapon","5900.0","University","Av","823","MidCity","Hands, Fists, Feet","Religion","3","Known","1","","Treated","W","W","W","","M","M","M","","O","","","","M","","",""
"16044826","","2016","10","0.53125","42674.53125","243A","Assault, No Weapon","3800.0","Rosecrans","St","611","Western","Hands, Fists, Feet","Race","1","Known","1","","No Treat.","W","","","","M","","","","B","","","","M","","",""
"16046131","","2016","11","0.875","42682.875","243A","Assault, No Weapon","1400.0","University","Av","627","Western","Egg","Sexual Orientation","2","Unknown","1","","","Unk","Unk","","","M","M","","","W","","","","M","","",""
"16047409","","2016","11","0.2916666666666667","42685.291666666664","422.6","Threat, Phone Call","4900.0","Ariva","Wy","313","Eastern","Phone","Sexual Orientation","1","Unknown","1","","","Unk","","","","Unk","","","","W","","","","M","","",""
"16046634","","2016","11","0.6736111111111112","42687.67361111111","422.6","Assault, w/Weapon","3900.0","Landis","St","839","Mid-City","Pepper Spray","Race","1","Unknown","2","","Treated","B","","","","F","","","","H","H","","","F","M","",""
"16046655","","2016","11","0.5625","42687.5625","594(A):F","Vandalism","6900.0","Golfcrest","Dr","324","Eastern","Other","Race","Unk","Unknown","1","","","Unk","","","","Unk","","","","B","","","","M","","",""
"16046909","","2016","11","0.5","42689.5","422.6","Other","7000.0","Eckstrom","Av","111","Northern","Mail","Religion","Unk","Unknown","1","","","Unk","","","","Unk","","","","W","","","","F","","",""
"16047848","","2016","11","0.7916666666666666","42695.791666666664","594A","Vandalism","13100.0","Sandown","Wy","934","Northwestern","Marker","Religion","Unk","Unknown","2","","","Unk","","","","Unk","","","","W","W","","","M","M","",""
"16048134","","2016","11","0.7083333333333334","42698.708333333336","422.6","Vandalism","3000.0","C","St","517","Central","Fire Extinguisher","Race","Unk","Unknown","1","","","Unk","","","","Unk","","","","B","","","","F","","",""
"16048288","","2016","11","0.375","42700.375","422.6","Other","2800.0","Dewey","Rd","611","Western","Marker","Race","Unk","Unknown","1","","","Unk","","","","Unk","","","","H","","","","F","","",""
"16049989","","2016","12","0.2916666666666667","42711.291666666664","422.6","Other","2100.0","Via Nina","","124","Northern","Hands, Fists, Feet","Religion","Unk","Unknown","1","","","Unk","","","","Unk","","","","A","","","","M","","",""
"16050641","","2016","12","0.7638888888888888","42716.76388888889","242","Simple Assault","5700.0","Beaumont ","Ave","124","Northern","Hands, Fists, Feet","Sexual Orientation","5","Unknown","1","","No Treat.","W","W","W","","M","M","M","","A","","","","M","","",""
"16052116","","2016","12","0.5416666666666666","42729.541666666664","243A","Assault, No Weapon","2200.0","Morley Field","Dr","531","Central","Hands, Fists, Feet","Sexual Orientation","1","Unknown","1","","Hospital","W","","","","M","","","","W","","","","F","","",""
"17034249","","2017","1","0","42736.0","594 (A): F","Vandalism","3800.0","Edna","Pl","811","Mid-City","Other","Race","Unk","Unknown","1","","","Unk","","","","Unk","","","","O","","","","F","","",""
"17000639","","2017","1","452.2027777777778","43192.20277777778","245A","Assault, w/Weapon","3800.0","Boundary ","St","813","Mid-City","Vehicle","Sexual Orientation","1","Unknown","1","","","H","","","","M","","","","H","","","","F","","",""
"17001022","","2017","1","0.8263888888888888","42743.82638888889","245A","Assault, No Weapon","2500.0","L","St","515","Central","Hands, Fists, Feet","Sexual Orientation","4","Unknown","1","","Treated","Unk","Unk","Unk","","M","M","M","","H","","","","M","","",""
"17004008","","2017","1","0.7916666666666666","42764.791666666664","594B(2)(A)","Vandalism","4700.0","Jewell","St","122","Northern","Other","Religion","Unk","Unknown","1","","","Unk","","","","Unk","","","","B","","","","M","","",""
"17004125","","2017","1","0.3729166666666666","42766.37291666667","148.1A","Bomb Threat","4100.0","Executive ","Dr","115","Northern","Phone","Religion","Unk","Unknown","1","Temple","","Unk","","","","Unk","","","","H","","","","F","","",""
"17004273","","2017","2","0.3125","42767.3125","243D M","Assault, No Weapon","2200.0","Barney","St","437","Southeastern","Hands, Fists, Feet","Race","1","Unknown","1","","Hospital","W","","","","M","","","","F","","","","M","","",""
"17005240","","2017","2","0.7916666666666666","42773.791666666664","422.6","Assault, No Weapon","1200.0","K ","St","521","Central","Hands, Fists, Feet","Gender","1","Unknown","1","","Treated","B","","","","F","","","","H","","","","F","","",""
"17006219","","2017","2","0.6437499999999999","42780.64375","245 (A)","Assault, w/Weapon","200.0","Park","Bl","541","Central","Cane","Race","1","Unknown","1","","","W","","","","M","","","","O","","","","M","","",""
"17007116","","2017","2","0.9430555555555555","42786.94305555556","148.1 (A)","Bomb Threat","4100.0","Executive ","Dr","115","Northern","Email","Religion","Unk","Unknown","1","Temple","","Unk","","","","Unk","","","","H","","","","M","","",""
"17007667","","2017","2","0.25","42790.25","594 (B)(4)","Vandalism","4400.0","41st ","St","825","Mid-City","Spray Paint","Sexual Orientation","Unk","Unknown","2","","","Unk","","","","Unk","","","","W","W","","","M","M","",""
"17008023","","2017","2","0.6895833333333333","42793.68958333333","148.1 (A)","Bomb Threat","4100.0","Executive ","Dr","115","Northern","Phone","Religion","Unk","Unknown","1","Temple","","Unk","","","","Unk","","","","W","","","","M","","",""
"17008509","","2017","3","0.7916666666666666","42796.791666666664","422(A)","Other","4700.0","Imperial","Ave","446","Southeastern","Facebook/computer","Race","Unk","Unknown","1","High School","","Unk","","","","Unk","","","","H","","","","F","","",""
"17009294","","2017","3","0.875","42801.875","148.1(C )","Bomb Threat","4100.0","Executive ","Dr","115","Northern","Phone","Religion","Unk","Unknown","1","Temple","","Unk","","","","Unk","","","","H","","","","F","","",""
"17010162","","2017","3","0.6770833333333334","42807.677083333336","653M","Threat, Phone Call","4900.0","Murphy Canyon","Rd","313","Eastern","Phone","Religion","Unk","Unknown","1","Business","","Unk","","","","Unk","","","","W","","","","F","","",""
"17010421","","2017","3","0.9375","42809.9375","653M(A)","Threat, Phone Call","3000.0","North Park","Wy","813","Mid-City","Phone","Sexual Orientation","Unk","Unknown","1","Bar","","Unk","","","","Unk","","","","H","","","","M","","",""
"17010649","","2017","3","0.6041666666666666","42811.604166666664","243(D)F","Assault, No Weapon","6600.0","Carmel Valley","Rd","935","Northwestern","Hands, Fists, Feet","Sexual Orientation","1","Known","1","","Hospital","B","","","","M","","","","W","","","","F","","",""
"17013196","","2017","3","0.7548611111111111","42816.75486111111","653M","Threat, Phone Call","7700.0","Balboa","Ave","313","Eastern","Phone","Race","Unk","Unknown","1","Business","","Unk","","","","M","","","","W","","","","F","","",""
"17013704","","2017","4","0.8645833333333334","42832.864583333336","243A","Assault, No Weapon","1000.0","04th ","Ave","524","Central","Hands, Fists, Feet","Religion","1","Unknown","1","","","H","","","","M","","","","B","","","","M","","",""
"17015184","","2017","4","0.5833333333333334","42840.583333333336","594(A)","Vandalism","3700.0","30th ","St","813","Mid-City","Spray Paint","Religion","Unk","Unknown","1","Business","","Unk","","","","Unk","","","","","","","","","","",""
"17014768","","2017","4","0.8173611111111111","42840.81736111111","245(a)(1)","Assault, w/Weapon","0.0","24th ","St","512","Central","Stick","Race","1","Unknown","1","","Hospital","H","","","","M","","","","B","","","","M","","",""
"17015573","","2017","4","0.6666666666666666","42845.666666666664","459F & 594","Burglary","5400.0","Lea","St","822","Mid-City","Spray Paint","Race","Unk","Unknown","1","Business","","Unk","","","","Unk","","","","B","","","","F","","",""
"17016020","","2017","4","0.006944444444444444","42848.006944444445","245A1","Assault, w/Weapon","1100.0","A","St","521","Central","Cane","Race","1","Unknown","1","","Hospital","H","","","","M","","","","B","","","","M","","",""
"17015940","","2017","4","0.7708333333333334","42848.770833333336","242 M","Assault, No Weapon","11500.0","Caminito La Bar","","242","Northeastern","Hands, Fists, Feet","Race","1","Unknown","1","","","W","","","","M","","","","B","","","","F","","",""
"17017611","","2017","5","0.6041666666666666","42859.604166666664","594B(2)(A)","Vandalism","4200.0","Swift","Ave","838","Mid-City","Marker","Race","Unk","Unknown","2","","","Unk","","","","Unk","","","","B","B","","","F","M","",""
"17019690","","2017","5","0.875","42874.875","594","Vandalism","4700.0","Fairport","Way","934","Northwestern","Marker","Race","Unk","Unknown","1","Business","","Unk","","","","Unk","","","","B","","","","F","","",""
"17019750","","2017","5","0.7430555555555555","42875.743055555555","422","Threat, Phone Call","700.0","A","St","524","Central","Phone","Sexual Orientation","Unk","Unknown","2","","","Unk","","","","M","","","","H","W","","","M","F","",""
"17022660","","2017","5","0.020833333333333332","42876.020833333336","422.6A","Threat, Phone Call","1600.0","Polk","Ave","624","Mid-City","Phone","Sexual Orientation","Unk","Unknown","1","","","Unk","","","","Unk","","","","W","","","","M","","",""
"17023023","","2017","6","0.7083333333333334","42898.708333333336","594(A)(2)","Vandalism","200.0","Pardee","St","444","Southeastern","Other","Race","Unk","Unknown","1","","","Unk","","","","Unk","","","","B","","","","M","","",""
"17024121","","2017","6","0.8576388888888888","42906.85763888889","243(D)","Assault, No Weapon","900.0","4th","Ave","525","Central","Hands, Fists, Feet","Race","4","Known","1","","","B","B","B","","M","M","M","","W","","","","M","","",""
"17025240","","2017","6","0.9375","42915.9375","245(A)(1)","Assault, No Weapon","1400.0","4th ","Ave","526","Central","Vehicle","Race","1","Known","1","","","W","","","","M","","","","B","","","","M","","",""
"17025352","","2017","6","0.9166666666666666","42916.916666666664","664/211","Robbery","100.0","1700 E Mission Bay","Dr","123","Northern","Knife","Religion","1","Unknown","1","","Treated","W","","","","M","","","","O","","","","M","","",""
"17026690","","2017","7","0.5368055555555555","42926.53680555556","422.6","Threat, Phone Call","4000.0","Albatross","St","627","Western","Other","Sexual Orientation","Unk","Unknown","1","","","Unk","","","","Unk","","","","W","","","","M","","",""
"17027606","","2017","7","0.907638888888889","42933.907638888886","422.6(b)","Vandalism","4100.0","Executive ","Dr","115","Northern","Paint","Religion","Unk","Unknown","1","Temple","","Unk","","","","Unk","","","","W","","","","M","","",""
"17034178","","2017","9","0.7291666666666666","42982.729166666664","211","Robbery","1700.0","Euclid","Ave","447","Eastern","Hands, Fists, Feet","Race","2","Unknown","1","","","W","W","","","M","M","","","B","","","","F","","",""
"17034795","","2017","9","0.720138888888889","42987.720138888886","245(A)(4)","Assault, w/Weapon","3900.0","8th ","Ave","627","Western","Rocks","Sexual Orientation","1","Known","2","","","B","","","","M","","","","W","W","","","M","M","",""
"17036122","","2017","9","0.7013888888888888","42997.70138888889","242:M","Assault, No Weapon","2800.0","Torrey Pines Scenic ","Dr","126","Northern","Hands, Fists, Feet","Sexual Orientation","1","Known","1","","","B","","","","M","","","","H","","","","M","","",""
"17036619","","2017","9","0.020833333333333332","43001.020833333336","594(A)F","Vandalism","12900.0","Cristallo","Pl","934","Northwestern","Marker","Race","Unk","Unknown","1","","","Unk","","","","Unk","","","","A","","","","F","","",""
"17036944","","2017","9","0.3125","43004.3125","594(b)(1)","Vandalism","8700.0","Bennington ","St","242","Northeastern","Other","Sexual Orientation","Unk","Unknown","1","School Bus","","Unk","","","","Unk","","","","","","","","","","",""
"17039629","","2017","10","0.3541666666666667","43021.354166666664","594(A)","Vandalism","2900.0","Barnard","St","613","Western","Marker","Race","Unk","Unknown","1","","","Unk","","","","Unk","","","","O","","","","F","","",""
"17041515","","2017","11","0.07013888888888889","43040.07013888889","594.3(A)F","Vandalism","4700.0","Mount Abernathy","Av","111","Northern","Spray Paint","Religion","Unk","Unknown","1","Church","","Unk","","","","Unk","","","","","","","","","","",""
"17043828","","2017","11","0.18055555555555555","43060.180555555555","245A1","Assault, w/Weapon","900.0","Park","Bl","521","Central","Lock","Race","1","Known","1","","","B","","","","M","","","","W","","","","M","","",""
"18000604","","2018","1","0.7916666666666666","43105.791666666664","594(A):F","Vandalism","3300.0","31st ","St","813","Mid-City","Sharp Object","Sexual Orientation","Unk","Unknown","1","","","Unk","","","","Unk","","","","H","","","","M","","",""
"18002415","","2018","1","0.9166666666666666","43120.916666666664","242:M","Assault, No Weapon","3500.0","Sports Arena","Blvd","611","Western","Hands, fists, feet","Sexual Orientation","1","Known","1","","No Treat.","W","","","","M","","","","W","","","","M","","",""
"18003081","","2018","1","0.7916666666666666","43125.791666666664","594(A)","Vandalism","3800.0","Winona","Ave","828","Mid-City","Rock","Religion","6","Known","2","","","B","B","B","","M","M","F","","O","O","","","F","F","",""
"18003320","","2018","1","0.3333333333333333","43129.333333333336","594(B)(4)","Vandalism","13300.0","Salmon River","Rd","233","Northeastern","Marker","Race","Unk","Unknown","1","City Bench","","Unk","","","","Unk","","","","","","","","","","",""
"18003728","","2018","2","0.4166666666666667","43132.416666666664","422:F","Threat","2400.0","Otay Center","Dr","713","Southern","Letter","Race","1","Unknown","2","Restaurant","","Unk","","","","Unk","","","","H","H","","","F","F","",""
"18005199","","2018","2","0.8333333333333334","43138.833333333336","242:M ","Assault","3700.0","Birch","St","826","Mid-City","Hands","Sexual Orientation","1","Unknown","1","","Treated","Unk","","","","Unk","","","","H","","","","M","","",""
"18004972","","2018","2","0.6666666666666666","43142.666666666664","422.6A","Vandalism","300.0","G","St","525","Central","Bottle","Religion","1","Unknown","0","Church","","Unk","","","","Unk","","","","","","","","","","",""
"18006221","","2018","2","0.5076388888888889","43154.50763888889","594(A):F","Vandalism","4600.0","Park","Blvd","624","Western","Brick","Race","1","Known","2","Restaurant","","B","","","","M","","","","W","W","","","M","M","",""
"18006528","","2018","2","0.003472222222222222","43157.00347222222","594(A):F","Vandalism","13000.0","Paseo Lucido","","234","Northeastern","Spray Paint","Race/Sexual Orientation","2","Unknown","0","High School","","Unk","Unk","","","Unk","Unk","","","","","","","","","",""
"18007157","","2018","3","0.5708333333333333","43163.57083333333","422.6","Threat","7000.0","El Cajon","Blvd","821","Mid-City","Verbal","Race","1","Unknown","1","","","W","","","","M","","","","B","","","","M","","",""
"18010401","","2018","4","0.875","43192.875","594(B)(1):F","Vandalism","8800.0","Betelgeuse ","Wy","242","Northeastern","Spray Paint","Race","Unk","Unknown","1","","","Unk","","","","Unk","","","","B","","","","M","","",""
"18011350","","2018","4","0.8680555555555555","43199.868055555555","422:F","Threat","3300.0","Adams","Av","811","Mid-City","Facebook","Sexual Orientation","Unk","Unknown","1","Church","","Unk","","","","Unk","","","","","","","","","","",""
"18011357","","2018","4","0.5659722222222222","43201.56597222222","243A","Assault","4100.0","Park","Bl","624","Western","Hands, Fists, Feet","Sexual Orientation","2","Known","1","","Treated","B","B","","","M","M","","","B","","","","M","","",""
"18011970","","2018","4","0.5","43202.5","594(B)(2)(A)","Vandalism","4400.0","Mentone","St","613","Western","Sharp Object","Race","Unk","Unknown","1","","","Unk","","","","Unk","","","","B","","","","M","","",""
"18012970","","2018","4","0.3013888888888889","43216.30138888889","594(B)(2)(A)","Vandalism","8300.0","Claremont Mesa","Bl","313","Eastern","Rock","Race","1","Known","2","","","W","","","","M","","","","B","B","","","M","M","",""
"18013576","","2018","5","0.6687500000000001","43221.66875","422.6","Threat","3100.0","Evening","Wy","124","Northern ","Phone","Race","Unk","Unknown","1","","","Unk","","","","Unk","","","","W","","","","F","","",""
"18015263","","2018","5","0.6777777777777777","43236.677777777775","243A","Assault","500.0","University","Ave","627","Western","Hands, Fists, Feet","Sexual Orientation","1","Known","1","","Treated","H","","","","M","","","","H","","","","M","","",""
"18015995","","2018","5","0.03333333333333333","43243.03333333333","422.6","Threat","700.0","W Cedar","St","527","Central","Knife","Race","1","Known","1","","","W","","","","M","","","","B","","","","F","","",""
"18017632","","2018","6","0.625","43253.625","594(A):F","Vandalism","9000.0","La Jolla Scenic ","Dr","124","Northern","Marker","Religion","Unk","Unknown","1","Temple","","Unk","","","","Unk","","","","","","","","","","",""
"18017971","","2018","6","12000","55260.0","594.3","Vandalism","5400.0","Division","St","432","Southeastern","Spray Paint","Race","Unk","Unknown","1","Church","","Unk","","","","Unk","","","","","","","","","","",""
"18018617","","2018","6","0.6666666666666666","43262.666666666664","594(A):F","Vandalism","6800.0","Navajo ","Rd","321","Eastern","Other","Sexual Orientation","1","Known","1","","","W","","","","Male","","","","H","","","","M","","",""
"18019813","","2018","6","0.9375","43277.9375","245(A)(1)","Assault, No Weapon","4000.0","Taylor","St","625","Western","Hands, Fists, Feet","Race","1","Known","1","","Treated","B","","","","Male","","","","W","","","","M","","",""
"18022404","","2018","7","0.875","43298.875","242","Assault, No Weapon","3700.0","10th ","Av","627","Western","Hands, Fists, Feet","Sexual Orientation","4","Unknown","1","","Treated","W","","","","M","","","","W","","","","M","","",""
"18023073","","2018","7","0.9256944444444444","43305.92569444444","243A","Assault, No Weapon","1000.0","University","Av","627","Western","Water Balloon","Sexual Orientation","2","Unknown","1","","","W","W","","","M","M","","","W","","","","M","","",""
"18024152","","2018","8","0.5833333333333334","43314.583333333336","594(A)","Vandalism","13300.0","Salmon River","Rd","233","Northeastern","Marker","Race","Unk","Unknown","1","San Diego Park","","Unk","","","","Unk","","","","","","","","","","",""
"18025371","","2018","8","0.024305555555555556","43325.024305555555","243a","Assault","500.0","Market","St","523","Central","Hands, Fists, Feet","Sexual Orientation","2","Unknown","2","","","H","B","","","M","M","","","W","W","","","M","M","",""
"18027604","","2018","9","0.4791666666666667","43344.479166666664","594(B)(2)(A)","Vandalism","1700.0","Bervy","St","116","Northern","Tire ","Race","4","Known","2","","","W","W","W","","M","M","M","","W","M","","","M","M","",""
"18029588","","2018","9","0.4791666666666667","43358.479166666664","422.6(a)","Assault","5900.0","Linda Vista","Rd","622","Western","Water","Race","1","Unknown","1","","","H","","","","F","","","","H","","","","F","","",""
"18030114","","2018","9","0.7916666666666666","43366.791666666664","594.3(B)","Vandalism","6000.0","Division","St","452","Southeastern","Spray-paint","Religion","1","Unknown","1","Church","","Unk","","","","Unk","","","","","","","","","","",""
"18030221","","2018","9","0.8333333333333334","43366.833333333336","594.3(A):F","Vandalism","5800.0","Alleghany","St","438","Southeastern","Spray-paint","Religion","1","Unknown","1","Church","","Unk","","","","Unk","","","","","","","","","","",""
"18031253","","2018","10","0.9506944444444444","43376.950694444444","245A1","Assault","500.0","15th ","St","521","Central","Golf Club","Race","1","Known","1","","Treated","W","","","","M","","","","B","","","","F","","",""
"18031831","","2018","10","0.3159722222222222","43382.31597222222","417A1:M","Threat","10700.0","Black Mountain","Rd","242","Northeastern","Knife","Race","1","Known","1","","","W","","","","M","","","","H","","","","M","","",""
"18032153","","2018","10","0.545138888888889","43384.54513888889","243A","Assault","5600.0","36th","St","811","Mid-City","Hands, Fists, Feet","Race","1","Known","3","","","H","","","","M","","","","H","H","H","","M","M","F",""
"18032111","","2018","10","0","43384.0","594(B)(1):F","Vandalism","4800.0","Cole","St","114","Northern","Other-sharp Object","Sexual Orientation","Unk","Unknown","1","","","Unk","","","","Unk","","","","W","","","","F","","",""
"18032467","","2018","10","0.8333333333333334","43387.833333333336","422.6B","Vandalism","1600.0","Polk ","Av","624","Western","Spray Paint","Sexual Orientation","Unk","Unknown","1","Church","","Unk","","","","Unk","","","","","","","","","","",""
"18034424","","2018","10","0.9722222222222222","43404.97222222222","245A1","Assault","4300.0","36th","St","811","Mid-City","Baton","Race","3","Unknown","2","","Treated","H","H","H","","M","M","M","","H","B","","","F","M","",""
"18035021","","2018","11","0.3513888888888889","43410.35138888889","245A1","Assault","5000.0","University","Av","826","MidCity","Hands, Fists, Feet","Race","1","Known","2","","Treated","B","","","","F","","","","H","H","","","F","M","",""
"18037683","","2018","12","0.9583333333333334","43435.958333333336","422.7(A)","Threat","3800.0","43rd","St","834","Mid-City","Verbal","Sexual Orientation","2","Known","1","","","W","W","","","F","M","","","W","","","","M","","",""
"18038086","","2018","12","0.8048611111111111","43439.80486111111","594.3(B)","Vandalism","1300.0","4th","Av","524","Central","Spray Paint","Religion","1","Known","1","Church","","W","","","","M","","","","","","","","","","",""
"18038864","","2018","12","0.8541666666666666","43445.854166666664","594(A)","Vandalism","4600.0","30th ","St","813","Mid-City","Spray Paint","Race","1","Unknown","2","","","Unk","","","","","","","","B","B","","","F","M","",""
"18039670","","2018","12","0.4888888888888889","43453.48888888889","243A","Assault","400.0","Sea World","Dr","123","Northern","Other- Hose","Race","1","Unknown","1","","","W","","","","M","","","","B","","","","F","","",""
"19000321","","2019","1","0.30069444444444443","43469.30069444444","422.6A","Threat","300.0","Horton Plaza","Pz","525","Central","Knife","Race","1","Unknown","1","","","W","","","","M","","","","B","","","","M","","",""
"19001639","","2019","1","0.68125","43478.68125","422.6","Threat","4700.0","32nd ","St","814","Mid-City","","Race","1","Known","1","","","H","","","","M","","","","B","","","","M","","",""
"19600660","","2019","1","0.5","43491.5","594(B)(2)A","Vandalism","800.0","Archer","St","122","Northern","Marker","Religion","1","Unknown","1","City of San Diego","","Unk","","","","Unk","","","","","","","","","","",""
"19004291","","2019","2","0.8125","43503.8125","594","Vandalism","5500.0","Bellevue","Av","124","Northern","Unknown","Religion","Unk","Unknown","2","","","Unk","","","","Unk","","","","W","W","","","M","F","",""
"19005259","","2019","2","0","43511.0","422.7","Vandalism","13000.0","Jadestone","Wy","934","Northeastern","Pen","Religion","Unk","Unknown","1","","","Unk","","","","Unk","","","","W","","","","M","","",""
"19006514","","2019","2","0.6458333333333334","43522.645833333336","245A1","Assault","2000.0","Logan","Av","511","Central","Stick","Sexual Orientation","2","Unknown","2","","Treated","H","H","","","M","F","","","W","W","","","M","F","",""
"19008983","","2019","3","0.5208333333333334","43529.520833333336","242","Assault","3700.0","Del Mar Heights","Rd","934","Northwestern","Hands, Fists, Feet","Race/Disability","1","Unknown","1","","Treated","W","","","","M","","","","B","","","","M","","",""
"19007782","","2019","3","0.03819444444444444","43534.038194444445","594","Vandalism","4900.0","Newport","Av","614","Western","Hands, Fists, Feet","Sexual Orientation","1","Known","1","","","W","","","","M","","","","W","","","","M","","",""
"19012076","","2019","4","0.09791666666666667","43567.097916666666","594","Vandalism","5700.0","Olympic","Pl","822","Mid-City","Other","Race","2","Unknown","1","","","Unk","Unk","","","Unk","Unk","","","H","","","","M","","",""
"19017802","","2019","5","0.5833333333333334","43607.583333333336","594(A)","Vandalism","4600.0","Vista","St","825","Mid-City","Other ","Religion","1","Unknown","1","","","Unk","","","","Unk","","","","W","","","","M","","",""
"19017876","","2019","5","0.3541666666666667","43609.354166666664","422.6","Threat","5100.0","Linda Vista ","Rd","622","Western","","Sexuality","1","Known","1","","","W","","","","M","","","","B","","","","M","","",""
"19018299","","2019","5","0.3597222222222222","43611.35972222222","594(B)(2)(A)","Vandalism","4300.0","Santa Monica","Av","613","Western","Other ","Religion","1","Unknown","3","","","Unk","","","","Unk","","","","W","W","B","","F","F","M",""
"19019040","","2019","5","0.2916666666666667","43616.291666666664","242","Assault","900.0","4th","Av","525","Central","Hands, Fists, Feet","Sexuality","1","Known","1","","Treated","H","","","","M","","","","W","","","","M","","",""
"19019053","","2019","5","0.6875","43616.6875","594(B)(1)","Vandalism","7500.0","Winterwood","Ln","242","Northeastern","Spray Paint","Race","1","Unknown","1","City of San Diego","","Unk","","","","Unk","","","","","","","","-","","",""
"19019302","","2019","5","0.7083333333333334","43616.708333333336","594(B)(1)","Vandalism","2200.0","Main","St","724","Southern","Spray Paint","Religion","1","Unknown","1","","","Unk","","","","Unk","","","","W","","","","M","","",""
"19020509","","2019","6","0.3541666666666667","43626.354166666664","594(B)(1)","Vandalism","8600.0","Genesee","Av","115","Northern","Spray Paint","Religion","1","Unknown","1","Market","","Unk","","","","Unk","","","","","","","","","","",""
"19027273","","2019","7","0.873611111111111","43648.873611111114","242","Assault","500.0","14th","St","521","Central","Hands, Fists, Feet","Sexual Orientation","1","Unknown","1","","","B","","","","M","","","","H","","","","F","","",""
"19024491","","2019","7","0.5180555555555556","43651.518055555556","245A1","Assault","4200.0","University","Av","832","Midcity","Knife","Race","1","Known","2","","","B","","","","M","","","","H","H","","","F","F","",""
"19025504","","2019","7","0.9805555555555556","43656.98055555556","422:F","Threat","3600.0","30th","St","813","Midcity","Phone","Sexual Orientation","1","Unknown","1","Gay Pride Rally","","Unk","","","","Unk","","","","","","","","","","",""
"19025496","","2019","7","0.8430555555555556","43656.84305555555","422:F","Threat","3600.0","30th","St","813","Midcity","Email","Sexual Orientation","1","Unknown","1","Gay Pride Rally","","Unk","","","","Unk","","","","","","","","","","",""
"19025834","","2019","7","0.6666666666666666","43659.666666666664","422.6","Threat","7200.0","El Cajon","Bl","821","Midcity","Knife","Race","1","Known","1","","","W","","","","M","","","","B","","","","F","","",""
"19025966","","2019","7","0.015277777777777777","43660.01527777778","594.3(A)","Vandalism","4100.0","Front","St","627","Western","Unknown","Sexual Orientation","1","Unknown","1","Church","","W","","","","M","","","","","","","","","","",""
"19028502","","2019","7","0.020833333333333332","43672.020833333336","594(B)(2)(A)","Vandalism","6100.0","Agee","St","115","Northern","Spray Paint","Race","Unk","Unknown","4","","","Unk","","","","Unk","","","","B","W","H","","M","M","M",""
"19028668","","2019","7","0.3902777777777778","43675.39027777778","422.6(B)","Vandalism","7100.0","Engineer","Rd","313","Eastern","Spray Paint","Religion","Unk","Unknown","1","Business","","Unk","","","","Unk","","","","","","","","","","",""
"19038601","","2019","9","0.2916666666666667","43726.291666666664","422.6","Threat","4400.0","El Cajon","Blvd","824","Mid-City","Marker","Sexual Orientation","Unk","Unknown","1","School","","Unk","","","","Unk","","","","","","","","","","",""
"19048808","","2019","11","0.14722222222222223","43776.14722222222","242","Battery","2400.0","Seaside ","St","613","Western","Hands, Fists, Feet","Sexual Orientation","2","Unknown","1","","","Unk","Unk","","","M","F","","","W","","","","M","","",""
"19049530","","2019","11","0.25","43783.25","594","Vandalism","4100.0","West Point Loma","Bl","613","Western","Black Ink","Religion","Unk","Unknown","1","","","Unk","","","","Unk","","","","W","","","","F","","",""
"19052150","","2019","11","0.6666666666666666","43797.666666666664","242","Assault","6600.0","Broadway","","433","Southeastern","Hands, Fists, Feet","Race","1","Known","1","","","W","","","","M","","","","B","","","","M","","",""
"19055750","","2019","12","0.5","43816.5","594","Vandalism","13000.0","Salmon River","Rd","233","Northeastern","Marker","Race/Religion","Unk","Unknown","1","City of San Diego","","Unk","","","","Unk","","","","","","","","","","",""
"19058413","","2019","12","0.9409722222222222","43830.94097222222","422A","Threat","1300.0","4th ","Av","524","Central","Phone","Religion","Unk","Unknown","1","Church","","Unk","","","","Unk","","","","","","","","","","",""
"20000486","","2020","1","0.8958333333333334","43831.895833333336","594","Vandalism","5000.0","Cervantes","Av","446","Southeastern","Spray Paint","Race","Unk","Unknown","2","","","Unk","","","","Unk","","","","H","H","","","F","F","",""
"20000531","","2020","1","0.8958333333333334","43833.895833333336","594","Vandalism","4000.0","Ohio","St","813","MidCity","Sharp Object","Sexual Orientation","1","Unknown","1","","","W","","","","M","","","","W","","","","F","","",""
"20001478","","2020","1","0.5333333333333333","43838.53333333333","594","Vandalism","13000.0","Salmon River","Rd","233","Northeastern","Marker","Religion","Unk","Unknown","1","City of San Diego","","Unk","","","","Unk","","","","","","","","","","",""
"20001512","","2020","1","0.5416666666666666","43838.541666666664","422.6","Threat","300.0","59th","St","452","Southeastern","Letter","Sexual Orientation","Unk","Unknown","1","","","Unk","","","","Unk","","","","A","","","","F","","",""
"20013284","","2020","3","0.6486111111111111","43893.64861111111","243","Assault, No Weapon","1200.0","Camnino Del Rio N","","315","Eastern","Hands, Fists, Feet","Anti-Transgender","1","Unknown","1","","","B","","","","M","","","","W","","","","F","","",""
"20016481","","2020","3","0.4375","43909.4375","243","Assault, No Weapon","3000.0","Clairemont ","Dr","116","Northern","Hands, Fists, Feet","Race","1","Unknown","1","","","W","","","","F","","","","H","","","","F","","",""
"20019662","","2020","4","0.0006944444444444445","43923.00069444445","594(B)(2)(A)","Vandalism","11800.0","Carmel Mountain","Rd","232","Northeastern","Spray Paint","Race","Unk","Unknown","1","Restaurant","","Unk","","","","Unk","","","","","","","","","","",""
"20018993","","2020","4","0.4583333333333333","43925.458333333336","594(B)(2)(A)","Vandalism","1200.0","Cleveland","Av","627","Western","Spray Paint","Race","Unk","Unknown","1","Bank","","Unk","","","","Unk","","","","","","","","","","",""
"20020232","","2020","4","0.6041666666666666","43933.604166666664","422.6","Threat","2600.0","J","St","515","Central","Verbal","Race","2","Unknown","1","","","H","H","","","M","M","","","W","","","","M","","",""
"20020622","","2020","4","0.63125","43935.63125","422.6","Threat","11800.0","Rancho Bernardo","Rd","234","Northeastern","Phone","Race","1","Unknown","1","","","Unk","","","","M","","","","A","","","","M","","",""
"20028824","","2020","6","0.8333333333333334","43986.833333333336","422.6(A)","Threat","7000.0","La Jolla","Bl","124","Northern","Bat","Race","1","Known","1","","","W","","","","M","","","","H","","","","M","","",""
"20029821","","2020","6","0.3333333333333333","43993.333333333336","422.7(B)","Threat","1700.0","Alaguinas","Dr","712","Southern","Hands, Fists, Feet","Race","1","Known","2","","","F","","","","A","","","","H","H","","","F","M","",""
"20032425","","2020","6","0.8333333333333334","44008.833333333336","594","Southeastern","5900.0","Kenwood","St","433","Southeastern","Spray Paint","Race","Unk","Unknown","1","","","Unk","","","","Unk","","","","Unk","","","","M","","",""
"20032272","","2020","6","0.6319444444444444","44008.631944444445","245(A)(1)","Assault","700.0","Thomas","Av","122","Northern","Golf Club","Race","1","Known","1","","Treated","W","","","","M","","","","B","","","","F","","",""
"20035897","","2020","7","0.3541666666666667","44031.354166666664","594(B)(1)","Vandalism","700.0","Saturn","Bl","721","Southern","Spray Paint","Sexual Orientation","1","Unknown","1","","","Unk","","","","Unk","","","","A","","","","M","","",""
"20035966","","2020","7","0.9375","44031.9375","451(D)","Arson","4412.0","Collwood","Ln","824","MidCity","Fire","Sexual Orientation","Unk","Unknown","2","","","Unk","","","","Unk","","","","W","W","","","F","F","",""
"20036175","","2020","7","0.19791666666666666","44033.197916666664","422(A)","Threat","4500.0","Ocean","Bl","122","Northern","Pole","Race","Unk","Unknown","1","","","W","","","","M","","","","H","","","","F","","",""
"20038279","","2020","8","0.6055555555555555","44045.60555555556","245(A)(1)","Assault","4900.0","El Cajon","Bl","826","MidCity","BB Gun","Race","2","Unknown","2","","Treated","H","H","","","M","M","","","B","B","","","M","F","",""
"20043980","","2020","9","0.3125","44077.3125","422.6(B)","Threat","4474.0","Valeta","St","613","Western","Unknown","Sexual Orientation","1","Known","1","","","W","","","","M","","","","W","","","","M","","",""
"20050547","","2020","10","0.7465277777777778","44116.74652777778","243(A)","Battery","3200.0","Governor","Dr","115","Northern","Hands, Fists, Feet","Race","1","Unknown","1","","","H","","","","M","","","","O","","","","M","","",""
"20051500","","2020","10","0.6875","44118.6875","242","Battery","1500.0","2nd","Av","526","Central","Hands, Fists, Feet","Race","1","Unknown","1","","","B","","","","F","","","","W","","","","M","","",""
"20052847","","2020","10","0.8229166666666666","44129.822916666664","242","Battery","500.0","Park","Bl","521","Central","Hands, Fists, Feet","Race","3","Unknown","1","","Hospital","W","W","W","","M","M","M","","B","","","","M","","",""
"20054204","","2020","11","0.125","44137.125","245(A)(1)","Assault","","32nd/University","St/Av","813","MidCity","Rock","Sexual Orientation","1","Unknown","1","","","B","","","","M","","","","A","","","","M","","",""
"20054787","","2020","11","0.5416666666666666","44140.541666666664","594(B)(2)(A)","Vandalism","4900.0","University ","Av","827","MidCity","Marker","Race","Unk","Unknown","1","Church","","Unk","","","","Unk","","","","","","","","","","",""
"20056454","","2020","11","0.7270833333333333","44149.72708333333","594(B)(2)(A)","Vandalism","7300.0","Miramar","Rd","243","Northeastern","Hands, Fists, Feet","Race","1","Unknown","1","","","W","","","","M","","","","B","","","","F","","",""
"20063994","","2020","12","0.8868055555555556","44560.88680555556","242","Battery","8900.0","Miramar","Rd","243","Northeastern","Hands, Fists, Feet","Sexual Orientation","1","Unknown","1","","","W","","","","M","","","","W","","","","M","","",""
"21002105","","2021","1","0.7687499999999999","44209.76875","594(B)(1)","Vandalism","1100.0","05th","Av","524","Central","Rocks","Race","1","Known","1","Restaurant","","B","","","","M","","","","","","","","","","",""
"21002911","","2021","1","0.38958333333333334","44213.38958333333","242","Battery","5920.0","Fairmount","Av","321","Eastern","Pepper Spray","Race","1","Known","1","","Treated","H","","","","M","","","","B","","","","M","","",""
"21004084","","2021","1","0.9013888888888889","44220.90138888889","594(B)(1)","Vandalism","3900.0","Cleveland","Av","627","Western","Paint","Race","Unk","Unknown","3","Church/Bar X 2","","Unk","","","","Unk","","","","","","","","","","",""
"21005554","","2021","2","0.5833333333333334","44229.583333333336","422.6(B)","Threat","3600.0","6th","Av","627","Western","Unknown","Sexual Orientation","Unk","Unknown","1","","","Unk","","","","Unk","","","","W","","","","M","","",""
"21005611","","2021","2","0.9583333333333334","44229.958333333336","594(B)(2)(A)","Vandalism","3900.0","Cleveland","Av","627","Western","","Sexual Orientation","Unk","Unknown","1","Church","","Unk","","","","Unk","","","","","","","","","","",""
"21009928","","2021","2","0.08333333333333333","44254.083333333336","422.6(B)","Threat","5500.0","Laramie","Wy","322","Eastern","","Race","1","Unknown","1","","","W","","","","M","","","","A","","","","F","","",""
"21010123","","2021","2","0.5347222222222222","44255.53472222222","245(A)(1)","Assault","","Emerald Ct/Mission Bl","","122","Northern","Bottle","Race","1","Unknown","3","","","W","","","","M","","","","B","B","W","","M","M","F",""
"21011307","","2021","3","0.7881944444444445","44262.788194444445","417","Threat","2900.0","Lytton","St","612","Western","Gun","Race","1","Unknown","1","","","W","","","","M","","","","B","","","","M","","",""
"21011861","","2021","3","0.3752199074074074","44266.37521990741","594(B)(2)(A)","Vandalism","1400.0","Vacation","Rd","123","Northern","Marker","Race","Unk","Unknown","","City of San Diego","","Unk","","","","Unk","","","","","","","","","","",""
"21014159","","2021","3","0.0006944444444444445","44279.00069444445","422.6(A)","Threat","3600.0","30th ","St","813","MidCity","Letters","Sexual Orientation","Unk","Unknown","3","Gay Pride Organization","","Unk","","","","Unk","","","","H","W","W","","M","M","M",""
"21014439","","2021","3","0.3986111111111111","44281.39861111111","594(B)(1)","Vandalism","6100.0","Rancho Mission","Rd","321","Eastern","","Religion","1","Known","1","Church","","W","","","","M","","","","","","","","","","",""
"21014839","","2021","3","0","44282.0","594(B)(2)(A)","Vandalism","10000.0","Baroness","Av","242","Northeastern","Spray Paint","Race","Unk","Unknown","1","","","Unk","","","","Unk","","","","F","","","","F","","",""
"21016826","","2021","4","0.75","44292.75","245(A)(1)","Assault","","Sea World/Friars","Dr/Rd","123","Northern","Vehicle","Race","1","Unknown","1","","","W","","","","M","","","","B","","","","F","","",""
"21017797","","2021","4","0.8229166666666666","44292.822916666664","422.6(B)","Vandalism","7600.0","Palmilla","Dr","115","Northern","","Race","Unk","Unknown","2","","","Unk","","","","M","","","","B","W","","","M","F","",""
"21016748","","2021","4","0.5","44293.5","422.6(A)","Threat","3600.0","Rosecrans","St","611","Western","","Race","1","Unknown","1","","","W","","","","M","","","","A","","","","F","","",""
"21017124","","2021","4","0.9604166666666667","44297.96041666667","245(A)(1)","Assault","1500.0","California","St","527","Central","Baseball Bat","Sexual Orientation","1","Unknown","2","","Treated","B","","","","M","","","","F","","","","F","","",""
"21021221","","2021","5","0.3513888888888889","44322.35138888889","245(A)(1)","Assault","","17th/K","St","521","Central","Hammer","Sexual Orientation","1","Known","1","","Hospital","B","","","","M","","","","H","","","","M","","",""
"21022243","","2021","5","0.59375","44324.59375","653(M)","Threat","11000.0","Caminito Inocenta","","931","Northwestern","Phone","Religion","1","Known","1","","","W","","","","F","","","","O","","","","F","","",""
"21023215","","2021","5","0.5902777777777778","44333.59027777778","243(A)","Battery","700.0","30th","St","517","Central","Spit","Race","1","Unknown","1","","Treated","W","","","","M","","","","H","","","","F","","",""
"21023506","","2021","5","0.7215277777777778","44335.72152777778","653(M)","Threat","4800.0","Newport","Av","611","Western","Phone","Religion","1","Unknown","2","Business","","Unk","","","","Unk","","","","W","","","","M","","",""
"21023843","","2021","5","0.6777777777777777","44337.677777777775","240","Assault","900.0","F","St","311","Eastern","Spit","Sexual Orientation","1","Known","1","","","W","","","","M","","","","W","","","","F","","",""
"21024515","","2021","5","0.42569444444444443","44339.42569444444","594(B)(2)(A)","Vandalism","3200.0","Bayside","Wk","121","Northern","Chalk","Race/Religion","Unk","Unknown","1","","","Unk","","","","Unk","","","","M","","","","F","","",""
"21024446","","2021","5","0.7909722222222223","44340.790972222225","594(B)(1)","Vandalism","3800.0","Valley Centre","Dr","934","Northwestern","Unknown","Religion","Unk","Unknown","1","","","Unk","","","","Unk","","","","W","","","","M","","",""
"21025374","","2021","5","0.9020833333333332","44346.902083333334","417(A)(1)","Threat","","Westview/Capricorn","Pky/Way","242","Northeastern","Pipe","Race","1","Known","1","","","W","","","","M","","","","B","","","","M","","",""
"21025529","","2021","5","0.3298611111111111","44347.32986111111","417(A)(1)","Threat","2400.0","Market","St","514","Central","Knife","Race","1","Known","1","","","B","","","","M","","","","W","","","","F","","",""
"21026113","","2021","6","0.5208333333333334","44350.520833333336","243(D)","Battery","700.0","32nd","St","516","Central","Hands, Fists, Feet","Race","1","Known","1","","Injured","B","","","","M","","","","O","","","","M","","",""
"21029244","","2021","6","0.5","44363.5","653M(A)","Threat","4900.0","Murphy Canyon","Rd","311","Eastern","","Race","Unk","Unknown","1","Political Organization","","Unk","","","","Unk","","","","","","","","","","",""
"21030261","","2021","6","0.4847222222222222","44375.48472222222","243(A)","Battery","","8th/F","Av/St","524","Central","Hands, Fists, Feet","Race","1","Known","1","","","B","","","","M","","","","W","","","","F","","",""
"21032267","","2021","7","0.5069444444444444","44387.506944444445","242","Battery","4200.0","Nobel","Dr","115","Northern","Hands, Fists, Feet","Sexual Orientation","2","Unknown","1","","Treated","H","","","","M","","","","H","","","","M","","",""
"21035205","","2021","7","0.20833333333333334","44404.208333333336","422.6(A)","Threat","500.0","C","St","524","Central","Hands, Fists, Feet","Race","1","Known","1","","","H","","","","M","","","","B","","","","F","","",""
"21036358","","2021","8","0.9847222222222222","44410.98472222222","245(A)(1)","Assault","3100.0","Mission","Bl","121","Western","Can","Sexual Orientation","4","Unknown","2","","Treated","H","H","B","","M","M","M","","W","B","","","F","M","",""
"21614797","","2021","9","0","44441.0","594","Vandalism","5900.0","Linda Vista","Rd","622","Western","Unknown","Religion","Unk","Unknown","1","","","Unk","","","","Unk","","","","W","","","","M","","",""
"21042757","","2021","9","0.6208333333333333","44448.620833333334","368(B)(1)","Assault","4000.0","Taylor","St","625","Western","Hands, Fists, Feet","Race","1","Known","1","","","W","","","","M","","","","O","","","","M","","",""
"21043319","","2021","9","0.9","44451.9","243(D)","Battery","1300.0","Cesar Chavez","Pkw","511","Central","Hands, Fists, Feet","Sexual Orientation","2","Unknown","1","","Hospital","W","W","","","M","M","","","O","","","","M","","",""
"21043645","","2021","9","0.9652777777777778","44453.96527777778","422.7(A)","Assault","","Voltaire","St","613","Western","Hands, Fists, Feet","Race","1","Unknown","1","","","W","","","","M","","","","H","","","","M","","",""
"21044849","","2021","9","0.5694444444444444","44460.569444444445","242","Battery","3800.0","Richmond","St","627","Western","Hands, Fists, Feet","Race","1","Known","1","","","B","","","","F","","","","A","","","","F","","",""
"21047024","","2021","10","0","44470.0","594","Vandalism","1300.0","29th","St","518","Central","Spray Paint","Race","Unk","Unknown","1","","","Unk","","","","Unk","","","","H","","","","F","","",""
"21046858","","2021","10","0.8229166666666666","44471.822916666664","242","Battery","3400.0","Castle Glen","Dr","311","Eastern","Hands, Fists, Feet","Sexual Orientation","1","Known","1","","Treated","W","","","","M","","","","W","","","","M","","",""
"21047512","","2021","10","0.5625","44472.5625","594(B)(2)(A)","Vandalism","9500.0","La Jolla Farms","Rd","126","Northern","Unknown","Race","Unk","Unknown","1","","","Unk","","","","Unk","","","","H","","","","M","","",""
"21048517","","2021","10","0.548611111111111","44481.54861111111","242","Battery","900.0","Camino De La Reina","","315","Eastern","Spit","Sexual Orientation","1","Unknown","1","","","B","","","","M","","","","H","","","","M","","",""
"21049305","","2021","10","0.3333333333333333","44486.333333333336","245(A)(1)","Assault","4000.0","36th","St","838","MidCity","Cane","Sexual Orientation","1","Known","1","","","W","","","","M","","","","B","","","","F","","",""
"21053854","","2021","11","0.43263888888888885","44514.43263888889","243(A)","Battery","4800.0","Del Monte","Av","614","Western","Hands, Fists, Feet","Race","1","Known","1","","Minor","W","","","","M","","","","B","","","","F","","",""
"21054343","","2021","11","0.010416666666666666","44516.010416666664","422(A)","Threat","6000.0","La Jolla","Bl","124","Northern","Note","Anti-Religion","Unknown","Unknown","1","Church","","Unk","","","","Unk","","","","","","","","","","",""
"21056974","","2021","12","0.9083333333333333","44533.90833333333","242","Battery","5000.0","Newport","Av","614","Western","Hands, Fists, Feet","Race","1","Known","1","","Treated ","W","","","","M","","","","B","","","","F","","",""
"21059048","","2021","12","0.3854166666666667","44547.385416666664","245","Assault","5100.0","Clairemont Mesa","Av","114","Northern","Handgun","Race","1","Unknown","1","","","W","","","","F","","","","B","","","","M","","",""
"22000602","","2021","12","0","44560.0","422.6","Threat","5600.0","Balboa","Av","111","Northern","Sign","Religion","1","Unknown","1","Jewelry Store","","Unk","","","","Unk","","","","","","","","","","",""
"22004082","","2022","1","0.4895833333333333","44590.489583333336","242","Battery","4400.0","La Jolla Village","Dr","115","Northern","Hands, Fists, Feet","Race","1","Unknown","1","","","W","","","","M","","","","B","","","","M","","",""
"22006320","","2022","2","0.5416666666666666","44604.541666666664","243","Battery","4400.0","Bannock","Av","114","Northern","Hands, Fists, Feet","Race","1","Known","1","","","W","","","","F","","","","B","","","","F","","",""
"22010180","","2022","3","0.5590277777777778","44628.55902777778","664/187","Attempted Murder","5300.0","Lea","St","827","Mid-City","Knife","Religion","1","Known","1","","Hospital","H","","","","M","","","","H","","","","M","","",""
"22010580","","2022","3","0.8125","44630.8125","422.6 (A)","Threat","3800.0","Pell","Pl","934","Northwestern","Letters","Race","Unk","Unknown","2","","","Unk","","","","Unk","","","","A","A","","","M","F","",""
"22603800","","2022","3","0.5","44636.5","422.6(A)","Threat","7400.0","Rondel ","Ct","325","Eastern","","Race","1","Known","1","","","W","","","","M","","","","B","","","","M","","",""
"22011462","","2022","3","0.4691898148148148","44636.469189814816","422.6 (A)","Threat","700.0","16th","St","521","Central","Hands, Fists, Feet","Race","1","Unknown","1","","","B","","","","M","","","","A","","","","M","","",""
"22012649","","2022","3","0.5694444444444444","44643.569444444445","242/422.6(A)","Battery","10500.0","Scripps Poway","Pky","246","Northeastern","Hands, Fists, Feet","Race","1","Known","2","","Minor","H","","","","M","","","","H","H","","","F","F","",""
"22013542","","2022","3","0.4131944444444444","44648.413194444445","422.6(A)/242","Battery","1600.0","University","Ave","627","Western","Hands, Fists, Feet","Race","1","Unknown","1","","","B","","","","M","","","","M","","","","M","","",""
"22016894","","2022","4","0.9027777777777778","44668.90277777778","245","Assault","4100.0","West Point Loma","Blvd","613","Western","Other Dangerous Object","Race/Gender","1","Unknown","1","","Minor","W","","","","M","","","","B","","","","X","","",""
"22018396","","2022","4","0.3333333333333333","44668.333333333336","594.3 (A)","Vandalism","2600.0","Denver","St","116","Northern","","Religion/Sexual Orientation","Unk","Unknown","1","Chuch","","Unk","","","","Unk","","","","","","","","","","",""
"22019678","","2022","4","0.854837962962963","44681.854837962965","245/211 PC","Assault","4200.0","36th ","St","838","Mid-City","Knife","Gender","2","Unknown","1","","Minor","B","B","","","M","M","","","H","","","","M","","",""
"22019637","","2022","5","0.6357175925925925","44686.635717592595","273(A) PC","Threat","10600.0","Tierrasanta","Blvd","312","Eastern","Hands, Fists, Feet","Sexual Orientation","1","Known","4","","","W","","","","F","","","","W","W","W","H","M","M","M","M"
"22021697","","2022","5","0.6666666666666666","44698.666666666664","242/422.6 PC","Battery","500.0","W. Date","St","528","Central","Hands, Fists, Feet","Gender","1","Unknown","1","","","W","","","","M","","","","W","","","","F","","",""
"22023185","","2022","5","0.30159722222222224","44698.30159722222","242/422.6 PC","Battery","1100.0","Front","St","524","Central","Hands, Fists, Feet","Race","1","Known","1","","Minor","B","","","","M","","","","W","","","","M","","",""
"22021656","","2022","5","0.8069444444444445","44699.80694444444","422.6/422 PC","Threat","9000.0","Kirby","Ct","242","Northeastern","","Race","1","Known","3","","","W","","","","M","","","","A","A","A","","F","M","M",""
"22022917","","2022","5","0.4513888888888889","44708.45138888889","245/422.6 PC","Assault","5100.0","Muir","Ave","614","Western","Other Dangerous Object","Race","1","Known","1","","","W","","","","M","","","","H","","","","M","","",""
"22025796","","2022","6","0.5187499999999999","44726.51875","245/422.6 PC","Assault","5600.0","Mission Center","Rd","315","Eastern","Knife","Sexual Orientation","1","Unknown","2","","","W","","","","M","","","","W","W","","","M","M","",""
"22026448","","2022","6","0.49652777777777773","44730.49652777778","422.6(A)/242 PC","Battery","3800.0","5th","Ave","627","Western","Hands, Fists, Feet","Race/Gender","1","Known","1","","","B","","","","M","","","","B","","","","M","","",""
"22026593","","2022","6","0.6569444444444444","44731.65694444445","245/422.7/594 PC","Assault","1000.0","University","Ave","627","Western","Other Dangerous Object","Race","1","Known","1","","","W","","","","M","","","","B","","","","M","","",""
"22027264","","2022","6","0.9294097222222222","44735.92940972222","594/422.6 PC","Vandalism","11800.0","Arborlake","Way","241","Northeastern","","Sexual Orientation","1","Unknown","1","","","Unk","","","","Unk","","","","W","","","","F","","",""
"22028847","","2022","7","0.8770833333333333","44746.87708333333","417/422.6 PC","Threat","6800.0","Akins","Ave","433","Southeastern","","Race","1","Known","1","","","H","","","","M","","","","B","","","","M","","",""
"22029024","","2022","7","0.8659606481481482","44748.865960648145","594/417 PC","Assault","3600.0","Highland","Ave","833","Mid-City","Firearm","Race","1","Known","2","","","W","","","","M","","","","H","H","","","F","M","",""
"22032875","","2022","7","0.15","44773.15","243 PC","Battery","700.0","Grand","Ave","122","Northern","Other Dangerous Object","Sexual Orientation","1","Unknown","1","","Minor","W","","","","M","","","","H","","","","M","","",""
"22033252","","2022","8","0.5243055555555556","44775.524305555555","242/368 PC","Battery","500.0","14th","St","521","Central","Hands, Fists, Feet","Gender","1","Known","1","","Minor","B","","","","M","","","","F","","","","H","","",""
"22033761","","2022","8","0.690324074074074","44778.69032407407","417 PC","Assault","1600.0","Paseo Aurora","","725","Southern","Knife","Race","1","Known","2","","","H","","","","M","","","","B","B","","","M","M","",""
"22033872","","2022","8","0.4769791666666667","44779.47697916667","594/242 PC","Battery","2000.0","1st","Ave","529","Central","Hands, Fists, Feet","Religion","2","Unknown","3","","Minor","W","W","","","F","M","","","W","W","A","","M/","M","M",""
"22035410","","2022","8","0.8751504629629631","44788.87515046296","594 PC","Vandalism","13000.0","Paseo Lucido","","234","Northeastern","","Race/Religion","unk","Unknown","1","School","","Unk","","","","Unk","","","","","","","","","","",""
"22037389","","2022","8","0.5506018518518518","44802.55060185185","417/422 PC","Assault","7000.0","Levant","St ","621","Western","Knife","Race","1","Known","1","","","W","","","","M","","","","B","","","","F","","",""
"22033785","","2022","8","0.8243055555555556","44803.82430555556","422.6 PC","Assault","1900.0","Bacon","St","614","Western","Hands, Fists, Feet","Race","1","Known","1","","Minor","W","","","","M","","","","B","","","","M","","",""
"22039475","","2022","9","0.7284375000000001","44815.7284375","243(A)/422.6(A) PC","Battery","300.0","Date","St","529","Central","Hands, Fists, Feet","Race","2","Known","1","","Minor","W","W","","","M","M","","","H","","","","M","","",""
"22039944","","2022","9","0.8333333333333334","44818.833333333336","243(D)/422.6(A)","Battery","7000.0","Friars","Rd","623","Western","Hands, Fists, Feet","Race","1","Known","1","","Hospital","W","","","","M","","","","B","","","","M","","",""
"22041551","","2022","9","0.8050810185185185","44829.805081018516","243D/368 PC/422.6(A)","Battery","12000.0","Scripps Summit","Dr","246","Northeastern","Hands, Fists, Feet","Religion","1","Known","1","","Minor","M","","","","M","","","","M","","","","M","","",""
"22042944","","2022","10","0.2247800925925926","44838.22478009259","245/422.6/3056 PC","Assault","7600.0","Hazard Center","Dr","315","Eastern","Other Dangerous Object","Gender","1","Known","1","","Hospital","B","","","","M","","","","H","","","","M","","",""
"22043518","","2022","10","0.3263888888888889","44841.32638888889","422 PC","Threat","5300.0","Javier","St","111","Northern","","Race","1","Known","2","","","W","","","","M","","","","H","H","","","F","M","",""
"22044696","","2022","10","0.5625","44848.5625","243(A) PC","Battery","1200.0","Market","St","521","Central","Hands, Fists, Feet","Race/Gender","1","Known","1","","","W","","","","M","","","","B","","","","F","","",""
"22051976","","2022","12","0.8415046296296297","44896.84150462963","422.6(A)/422(a)/417(a)(1)","Threat","4000.0","Sports Arena ","Blvd","613","Western","Knife","Race","1","Known","1","","None ","W","","","","M","","","","W","","","","M","","",""
"22054991","","2022","12","0.9797569444444445","44915.97975694444","422.6(A)","Assault","1600.0","06th ","Ave","526","Central","Hands, Fists, Feet","Gender","1","Unknown","1","","Hospital","B","","","","M","","","","A","","","","X","","",""
"22056425","","2022","12","0.9583333333333334","44925.958333333336","422.7(B) 594.3(B)","Vandalism","8400.0","Phyllis","Pl","311","Eastern","","Religion","Unk","Unknown","1","Church","","Unk","","","","Unk","","","","","","","","","","",""
"23001050","","2023","1","0.08541666666666665","44934.08541666667","422.6 (A)","Threat","2800.0","El Cajon","Blvd","813","Mid-City","Knife","Race","1","Known","2","","","W","","","","M","","","","B","H","","","M","M","",""
"23001380","","2023","1","0.18055555555555555","44936.180555555555","594.3(A)","Vandalism","2600.0","Denver","St ","116","Northern","Rock ","Religion","1","Known ","1","Church","","H","","","","M","","","","","","","","","","",""
"23003258","","2023","1","0.4368055555555555","44949.43680555555","594.3(A)","Vandalism","1900.0","E","St","517","Central","Rock","Religion","1","Known","1","Church ","","B","","","","M","","","","","","","","","","",""
"23006405","","2023","2","0.6252199074074074","44969.62521990741","422.6(A)","Assault","13000.0","Black Mountain","Rd","233","Northeastern ","Hands, Fists, Feet","Race","1","Known","1","","Minor","H","","","","M","","","","O","","","","M","","",""
"23007734","","2023","2","0.6279282407407407","44978.62792824074","422 (A)","Intimidation","400.0","University","Ave","627","Western","Knife","Sexual Orientation","1","Known","1","","","W","","","","M","","","","H","","","","M","","",""
"23010582","","2023","3","0.01704861111111111","44997.01704861111","422.6(A)","Battery","6300.0","Thorn","St","451","Southeastern","Eggs","Sexual Orientation","Unk","Unknown","1","","","Unk","","","","Unk","","","","H","","","","M","","",""
"23011597","","2023","3","0.125","45004.125","594.3","Vandalism","6500.0","Estrella","Ave","322","Eastern","","Religion","1","Unknown","1","Church","","Unk","","","","M","","","","","","","","","","",""
"23012064","","2023","3","0.625","45004.625","594 (B)(2)(A)","Vandalism","10000.0","Mirabel","Ln","312","Eastern","","Race","Unk","Unknown","1","","","Unk","","","","Unk","","","","W","","","","M","","",""
"23012975","","2023","3","0.052083333333333336","45011.052083333336","594.3(A)","Vandalism","6100.0","Montezuma","Rd","327","Eastern","","Religion","1","Unknown","1","Church","","Unk","","","","M","","","","","","","","","","",""
"23013235","","2023","3","0.7190162037037037","45013.7190162037","422.6(A)","Battery","1500.0","Market","St","521","Central","Hands, Fists, Feet","Race","1","Known","2","","Minor","W","","","","F","","","","B","W","","","F","M","",""
"23013659","","2023","3","0.5833333333333334","45016.583333333336","245(A)(1)","Assault","4000.0","University","Ave","832","Mid-City","Knife","Race","1","Unknown","1","","","W","","","","M","","","","B","","","","M","","",""
"23014224","","2023","4","0.5833333333333334","45020.583333333336","422(A)/653M(A)","Intimidation","500.0","C","St","524","Cental","Phone Calls","Race","1","Known","1","","","W","","","","M","","","","B","","","","F","","",""
"23014836","","2023","4","0.3819444444444444","45024.381944444445","422.6(A)","Assault","1800.0","5th","Ave","529","Central ","Hands, Fists, Feet","Race","1","Known","1","","Minor","B","","","","M","","","","A","","","","F","","",""
"23017300","","2023","4","0.8770833333333333","45040.87708333333","422.6(A)","Assault","700.0","Ventura","Pl","121","Northern","Hands, Fists, Feet","Sexual Orientation","1","Unknown","1","","Minor","W","","","","M","","","","H","","","","M","","",""
"23018294","","2023","4","0.53125","45046.53125","422.7(A)","Assault","2500.0","East Mission Bay","Dr","123","Northern","Hands, Fists, Feet","Race","1","Known","3","","Minor","W","","","","M","","","","H","H","H","","F","M","M",""
"23021689","","2023","5","0.5902777777777778","45067.59027777778","422.6(A)","Assault","900.0","Nautilis ","St","124","Northern","Hands, Fists, Feet","Religion","3","Unknown","1","","","Unk","Unk","Unk","","Unk","Unk","Unk","","W","","","","M","","",""
"23022042","","2023","5","0.875","45057.875","594(B)(1)","Vandalism","3700.0","3rd","Ave","627","Western","Unkown Tool ","Sexual Orientation","1","Unknown","1","","","Unk","","","","Unk","","","","W","","","","M","","",""
"23026923","","2023","6","0.7708333333333334","45101.770833333336","594(B)(1)/422.6(B)","Vandalism ","11000.0","Arborlake","Way","241","Northeastern","","Sexual Orientation","1","Unknown","1","","","W","","","","M","","","","W","","","","F","","",""
"23026514","","2023","6","0.875","45092.875","417(A)(1)","Assault","3800.0","50th","St","827","Mid-City","Knife","Race ","2","Known","1","","","W","B","","","M","M","","","B","","","","M","","",""
"23027621","","2023","6","0.8333333333333334","45104.833333333336","422(A)","Intimidation","13000.0","Torrey Meadows ","Dr","936","Northwestern","Other Dangerous Object","Religion","1","Unknown","1","","N","W","","","","M","","","","M","","","","M","","",""
"23027414","","2023","6","0.875","45104.875","422.6(A)","Intimidation","3000.0","C","St","517","Central","Other Dangerous Object","Sexual Orientation","1","Unknown","1","","","W","","","","M","","","","H","","","","U","","",""
"23029770","","2023","7","0.2708333333333333","45117.270833333336","594(B)(1) ","Vandalism","10800.0","Pomarado  ","Rd","233","Northeastern","","Sexual Orientation","Unk","Unknown","1","","","Unk","","","","Unk","","","","W","","","","F","","",""
"23031954","","2023","7","0.40972222222222227","45131.40972222222","242/422.6","Battery","5141.0","College","Ave","327","Eastern","Hands, Fists, Feet","Religion","1","Unknown","1","","","W","","","","M","","","","W","","","","M","","",""
"23032383","","2023","7","0.46875","45134.46875","245(A)(1)/422(A)/594(B)(1)","Assault","5200.0","Murphy Canyon","Rd","313","Eastern","Knife","Religion","1","Known","3","","","W","","","","M","","","","M","W","M","","M","M","M",""
"23033385","","2023","7","0.06944444444444443","45137.069444444445","422.6(A)/242","Battery","1400.0","University","Ave","627","Western","Hands, Fists, Feet","Sexual Orientation","1","Unknown","1","","Minor","W","","","","F","","","","W","","","","M","","",""
"23612628","","2023","8","0.4576388888888889","45150.45763888889","148.1(B)","Threat","5100.0","Acuna","St","111","Northern","","Religion","1","Unknown","1","Church","","Unk","","","","M","","","","","","","","","","",""
"23612654","","2023","8","0.7137731481481482","45150.71377314815","148.1(B)","Threat","9000.0","Towne Center","Rd","115","Northern","","Religion","1","Unknown","1","Church","","Unk","","","","M","","","","","","","","","","",""
"23035054","","2023","8","0.19850694444444442","45152.19850694444","422.6(A)","Battery","4000.0","Broadway","St","523","Central","Hands, Fists, Feet","Race","1","Unknown","1","","","B","","","","M","","","","H","","","","F","","",""
"23037077","","2023","8","0.625636574074074","45163.62563657408","422.6(B)/ 594(B)(1)","Vandalism","15000.0","Aramon","Pl","937","Northwestern","Spray Paint","Race","1","Unknown","1","","","Unk","","","","Unk","","","","W","","","","M","","",""
"23036315","","2023","8","0.6145833333333334","45160.614583333336","245(A)(1)","Assault","3400.0","Clairemont Mesa","Blvd","113","Northern","Rock","Sexual Orientation","1","Unknown","1","","Minor","W","","","","M","","","","W","","","","M","","",""
"23037452","","2023","8","0.6444444444444445","45167.64444444444","166(A)(4)","Threat","52000.0","Constitution ","Rd","114","Northern","Spit","Sexual Orientation","1","Known","2","","","W","","","","M","","","","W","W","","","F","F","",""
"23038096","","2023","9","0.90625","45171.90625","243(A)","Battery","1000.0","Prospect","St","124","Northern","Hands, Fists, Feet","Gender","1","Known","1","","","W","","","","M","","","","W","","","","F","","",""
"23038477","","2023","9","0.875","45173.875","594(B)(2)(A)","Vandalism","9800.0","Sydney","Ln","242","Northeastern","Spray Paint","Race","Unk","Unknown","1","","","Unk","","","","Unk","","","","B","","","","M","","",""
"23038526","","2023","9","0.6588773148148148","45174.65887731482","594(B)(2)(A)","Vandalism","3000.0","B","St","517","Central","Other Dangerous Object","Sexual Orientation","2","Known","1","","","W","W","","","M/M","M","","","W","","","","M","","",""
"23039469","","2023","9","0.7840277777777778","45175.78402777778","594(B)(2)(A)","Vandalism","6800.0","Hurlbut","St","311","Eastern","","Sexual Orientation","Unk","Unknown","1","","","Unk","","","","Unk","","","","W","","","","M","","",""
"23039774","","2023","9","0.6902777777777778","45182.69027777778","422.6 (B)","Vandalism","2600.0","Denver","St","116","Northern","","Sexual Orientation","2","Unknown","1","Church","","W","W","","","M/M","M","","","","","","","","","",""
"23040757","","2023","9","0.2708333333333333","45190.270833333336","166/187 Warrant","Assault","400.0","El Cajon","Blvd","999","","","Race","1","Known","Unk ","","","W","","","","M","","","","Unk","","","","Unk","","",""
"23040798","","2023","9","0.7083333333333334","45189.708333333336","243(A)","Battery","3800.0","Winona","Ave","828","Mid-City","Hands, Fists, Feet","Race","1","Unknown","1","","Minor","B","","","","M","","","","B","","","","M","","",""
"23040810","","2023","9","0.4583333333333333","45170.458333333336","211","Robbery","3800.0","Winona","Ave","828","Mid-City","Knife","Religion","1","Unknown","1","","","B","","","","F","","","","B","","","","F","","",""
"23042029","","2023","9","0.7638888888888888","45198.76388888889","245(A)(1)","Assault","","15th ","St","521","Central","Other Dangerous Object","Sexual Orientation","1","Unknown","1","","Minor","W","","","","M","","","","W","","","","M","","",""
"23042200","","2023","9","0.3333333333333333","45199.333333333336","594(B)(2)(A)/10852","Vandalism","10000.0","Macouba","Pl","312","Eastern","Unknown","Sexual Orientation","1","Unknown","1","","","Unk","","","","Unk","","","","W","","","","M","","",""
"23042249","","2023","10","0.3854166666666667","45200.385416666664","245(A)(1)/422.7(A)","Assault","2000.0","6th ","Ave","529","Central","Blunt Object","Sexual Orientation","1","Known","2","","Minor","H","","","","M","","","","W","H","","","M","M","",""
"23042540","","2023","10","0.46401620370370367","45202.4640162037","422.6(A)/653M(A)","Intimidation","1200.0","Robinson","Ave","627","Western","Phone ","Race","1","Known","1","","N","W","","","","M","","","","B","","","","M","","",""
"23043192","","2023","10","0.03125","45207.03125","422.7(A)","Assault","3100.0","Midway","Dr","611","Western","Knife","Race","1","Known","1","","","H","","","","M","","","","B","","","","M","","",""
"23043482","","2023","10","0.9861111111111112","45208.98611111111","245(A)(1)/422.7(A)","Assault","6700.0","Friars","Rd","623","Western","Knife","Race","1","Known","1","","","W","","","","M","","","","B","","","","M","","",""
"23043395","","2023","10","0.3993055555555556","45206.399305555555","422(A)","Intimidation","1200.0","Cleveland","Ave","627","Western","","Religion","1","Known","1","","","W","","","","F","","","","M","","","","M","","",""
"23043453","","2023","10","0.7861111111111111","45208.78611111111","242","Assault","400.0","Sears","Ave","434","Southeastern","Hands, Fists, Feet","Race","1","Known","1","","","W","","","","M","","","","H","","","","M","","",""
"23616068","","2023","10","0.8347222222222223","45212.83472222222","422.6(A)/422(A)","Intimidation","7300.0","Skyline","Dr","436","Southeastern","","Race","1","Unknown","1","","","W","","","","M","","","","M","","","","M","","",""
"23044239","","2023","10","0.9423611111111111","45213.94236111111","211","Robbery","1100.0","Chalcedony","St","122","Northern","Hands, Fists, Feet","Sexual Orientation","4","Unknown","1","","Minor","Unk","Unk","Unk","u","M","M","M","M","W","","","","M","","",""
"23044329","","2023","10","0.71875","45214.71875","245(A)(1)/4225.6(A)","Assault","1600.0","University","Ave","627","Western","Blunt Object","Sexual Orientation","1","Known","2","","Minor","H","","","","M","","","","H","H","","","M","M","",""
"23045245","","2023","10","0.6194444444444445","45215.61944444444","653 M (A)","Disorderly Conduct","12000.0","War Horse","St","233","Northeastern","Phone Calls","Religion","1","Unknown","1","","","Unk","","","","Unk","","","","M","","","","M","","",""
"23045122","","2023","10","0.625","45214.625","211","Robbery","1400.0","N Harbor","Dr","527","Central","Hands, Fists, Feet","Race","1","Unknown","1","","","M","","","","F","","","","W","","","","M","","",""
"23045467","","2023","10","0.6152777777777778","45217.615277777775","594(B)(1)/422.7(B)","Vandalism","800.0","Camino De La Reina","","315","Eatern","Other Dangerous Object","Race","1","Known","1","","","H","","","","M","","","","H","","","","M","","",""
"23047095","","2023","10","0.9652777777777778","45226.96527777778","422.6(A)/653M(A)","Intimidation","7000.0","Eckstrom","Ave","111","Northern","Phone","Religion","1","Known","2","","","W","","","","F","","","","O","O","","","F","M","",""
"23047946","","2023","11","0.6152777777777778","45232.615277777775","653 M(A)","Intimidation","7000.0","Eckstrom","Ave","111","Northern","Phone","Religion","1","Unknown","2","","","Unk","","","","Unk","","","","O","O","","","F","M","",""
"23048309","","2023","11","0.7677893518518518","45235.76778935185","245(A)(1)","Assault","2700.0","G","St","515","Central","Blunt Object","Sexual Orientation","2","Unknown","2","","Minor","H","H","","","M","M","","","H","H","","","M","M","",""
"23048547","","2023","11","0.35528935185185184","45237.35528935185","71(A)(1)/422.6(A)/422 (A)","Intimidation","14000.0","Cuca","St","233","Northeastern","","Race","1","Known","1","","","W","","","","F","","","","B","","","","F","","",""
"23050454","","2023","11","0.6255671296296296","45246.62556712963","459/594.3/417 PC","Burglary","4100.0","Mount Abraham ","Ave","111","Northern","Knife","Religion","1","Known","2","Church","","W","","","","F","","","","F","","","","H","","",""
"23050982","","2023","11","0.375","45250.375","422.6(A)","Intimidation","600.0","Diamond","St","122","Northern","Other Dangerous Object","Sexual Orientation","1","Known","2","","","H","","","","M","","","","W","W","","","M","M","",""
"23051036","","2023","11","0.3958333333333333","45250.395833333336","422.6(B)","Vandalism","4100.0","Executive ","Dr","115","Northern","","Religion","1","Unknown","1","Church","","unk","","","","unk","","","","","","","","","","",""
"23051534","","2023","11","0.3958333333333333","45254.395833333336","594(B)(1)/422.6(B)","Vandalism","3500.0","Midway","Dr","611","Western","Hands, Fists, and Feet","Race","1","Unknown","1","Business","","B","","","","M","","","","","","","","","","",""
"23053238","","2023","12","0.7770833333333332","45263.777083333334","23110(A)","Battery","5400.0","Claremont Mesa","Blvd","114","Northern","Unknown","Race","1","Unknown","1","","","W","","","","M","","","","B","","","","M","","",""
"23053174","","2023","12","0.4270833333333333","45263.427083333336","422.6(A)/368(C0","Assault","7000.0","El Cajon","Blvd","821","Mid-City","Hands, Fists, and Feet","Race","1","Unknown","1","","","Unk","","","","Unk","","","","W","","","","M","","",""
"23055035","","2023","12","0.2030671296296296","45276.20306712963","148.1(A)","Threat","9000.0","Towne Center","Dr","115","Northern","Emailed","Religion","1","Unknown","1","Church","","Unk","","","","Unk","","","","","","","","","","",""
"23055865","","2023","12","0.2590277777777778","45282.25902777778","422.7(A)","Assualt","2400.0","L","St","514","Central","Hands, Fists, and Feet","Gender","1","Known","1","","Minor","H","","","","M","","","","H","","","","F","","",""
"23056359","","2023","12","0.8127430555555556","45285.812743055554","245(A)(1)","Assault","8900.0","Clairemont Mesa","Blvd","313","Eastern","Knife","Sexual Orientation","1","Unknown","1","","","H","","","","M","","","","H","","","","M","","",""
"24002728","","2024","1","0.6069444444444444","45310.606944444444","422.6(A)/242 ","Battery","5900.0","University","Ave","823","Mid-City","Hands, Fists, and Feet","Race","1","Known","1","","","H","","","","M","","","","B","","","","F","","",""
"24601427","","2024","1","0.75","45316.75","981153","Threat","8600.0","Gilman ","Dr","115","Northern ","","Religion","1","Unknown","1","Chruch","","Unk","","","","M","","","","","","","","","","",""
"24004067","","2024","1","0.30362268518518515","45319.303622685184","488/422.6","Theft","10200.0","Mirabel ","Ln","312","Eastern","","Sexual Orientation","1","Unknown","1","","","Unk","","","","M","","","","W","","","","M","","",""
"24004689","","2024","2","0.0006944444444444445","45324.00069444445","653 M (A)","Intimidation","5000.0","Shoreham","Pl","115","Northern","Phone","Race","1","Known","1","","","W","","","","M","","","","B","","","","F","","",""
"24006296","","2024","2","0.3750925925925926","45335.37509259259","245 (A)(1)","Assault","5800.0","Rancho Mission","Rd","321","Eastern","Knife","Race","4","Unknown","1","","Minor","B","B","B","B","M","M","M","M","W","","","","M","","",""
"24008110","","2024","2","0.5416666666666666","45348.541666666664","245A1/422.7/594","Assault","3000.0","54th","St","451","Southeastern","Other Dangerous Object","Race","1","Known","1","","Minor","W","","","","M","","","","H","","","","F","","",""
"24009253","","2024","2","0.5208333333333334","45350.520833333336","244/242","Assault","3300.0","Hancock","St","611","Western","Pepper Spray","Race","1","Unknown","1","","Minor","W","","","","M","","","","W","","","","M","","",""
"24009633","","2024","3","0.20833333333333334","45359.208333333336","664/187(A)","Assualt","1300.0","West Morena ","Blvd","622","Western","Blunt Object","Race","1","Known","1","","Hospital","W","","","","M","","","","B","","","","M","","",""
"24009841","","2024","3","0.5460069444444444","45360.546006944445","29800/422/30305/24610/182","Intimidation","2000.0","Logan","Ave","511","Central","Firearm","Race","4","Known","2","","","H","H","H","H","M","M","M","F","W","W","","","M","F","",""
"24010672","","2024","3","0.7895833333333333","45366.78958333333","245 (A)(1)","Assault","7200.0","Fulton","St","621","Western","Motot Vehicle","Sexual Orientation","3","Unknown","1","","","W","W","W","","M","F","F","","W","","","","M","","",""
"24011373","","2024","3","0.5527777777777778","45371.552777777775","422.6 (A)/242","Battery","11900.0","El Camino Real","","934","Northwestern","Hands, Fists, and Feet","Race","1","Known","2","","Minor","W","","","","M","","","","H","H","","","F","M","",""
"24011464","","2024","3","0.12721064814814814","45372.12721064815","422.6 (A)","Battery","700.0","Grand","Ave","122","Northern","Hands, Fists, and Feet","Gender","1","Known","1","","Minor","B","","","","M","","","","B","","","","","","",""
"24012341","","2024","3","0.7708449074074074","45377.770844907405","594(B)(2)(A)/422.6(B)","Vandalism","4500.0","Texas ","St","813","Mid-City","","Religion","Unk","Unknown","1","","","Unk","","","","Unk","","","","M","","","","M","","",""
"24012597","","2024","3","0.6145833333333334","45380.614583333336","245(A)(1)","Assault","7200.0","Charmant","Dr","115","Northern","Other Dangerous Object","Religion","1","Unknown","1","","Minor","W","","","","M","","","","M","","","","M","","",""
"24606487","","2024","4","0.14583333333333334","45386.145833333336","653 M (A)","Intimidation","1900.0","E","St","517","Central","E-Mails","Religion","1","Unknown","1","","","Unk","","","","Unk","","","","M","","","","A","","",""
"24014427","","2024","4","0.19791666666666666","45393.197916666664","594(B) (1)/ 422.6(B)","Vandalism","4500.0","Alvarado Canyon","Rd","321","Eastern","","Race","1","Known","1","","","H","","","","M","","","","N","","","","F","","",""
"24019048","","2024","5","0.020879629629629626","45426.02087962963","451(D) ","Arson","3600.0","Richmond","St","627","Western","","Sexual Orientation","Unk","Unknown","1","","","Unk","","","","Unk","","","","N","","","","M","","",""
"24019275","","2024","5","0.6909722222222222","45425.69097222222","488","Theft","2300.0","Torrey Pines","Rd","124","Northern","","Religion","Unk","Unknown","1","","","Unk","","","","Unk","","","","H","","","","F","","",""
"24020859","","2024","5","0.2793865740740741","45438.279386574075","368(B)(1)/245(A)(4)/422.6(A)","Assault","600.0","West Broadway","","524","Central","Hands, Fists, and Feet","Gender","1","Known","1","","Hospital","H","","","","F","","","","W","","","","X","","",""
"24021172","","2024","5","0.39152777777777775","45440.39152777778","422.7(B)/594(B)(1)","Vandalism","1500.0","Commercial","St","521","Central","Spray Paint","Race","1","Known","1","Business","","W","","","","M","","","","","","","","","","",""
"24608415","","2024","5","0.7590277777777777","45440.75902777778","653 M","Threats","4900.0","Murphy Canyon","Rd","313","Eastern","","Religion","1","Unknown","1","","","Unk","","","","Unk","","","","Unk","","","","M","","",""
"24022523","","2024","5","0.875","45433.875","242","Battery","1000.0","05th","Ave","524","Central","Hands, Fists, and Feet","Sexual Orientation","1","Unknown","1","","","B","","","","M","","","","B","","","","M","","",""
